codigo,alimento,energia_kcal,carbohidratos_g,proteinas_g,grasas_totales_g,fuente,riga_color,riga_estrellas,riga_descripcion
,,339.0,77.5,6.9,0.2,Argenfood - Universidad Nacional de Luján,rojo,1,Alto impacto glucémico
,,82.0,19.1,1.4,0.1,Argenfood - Universidad Nacional de Luján,amarillo,2,Impacto glucémico medio
,,383.0,,15.6,7.8,Argenfood - Universidad Nacional de Luján,rojo,1,Alto impacto glucémico
,,343.0,56.9,12.8,7.1,Argenfood - Universidad Nacional de Luján,rojo,1,Alto impacto glucémico
,,86.0,13.4,3.8,1.9,Argenfood - Universidad Nacional de Luján,amarillo,2,Impacto glucémico medio
,,317.0,65.6,10.2,1.5,Argenfood - Universidad Nacional de Luján,rojo,1,Alto impacto glucémico
,,82.0,16.5,3.8,0.1,Argenfood - Universidad Nacional de Luján,amarillo,2,Impacto glucémico medio
,,328.0,68.0,10.2,1.7,Argenfood - Universidad Nacional de Luján,rojo,1,Alto impacto glucémico
,,332.0,72.2,8.9,0.9,Argenfood - Universidad Nacional de Luján,rojo,1,Alto impacto glucémico
,,206.0,41.5,8.7,0.6,Argenfood - Universidad Nacional de Luján,rojo,1,Alto impacto glucémico
,,214.0,41.0,10.4,0.9,Argenfood - Universidad Nacional de Luján,rojo,1,Alto impacto glucémico
,,97.0,17.8,3.7,1.2,Argenfood - Universidad Nacional de Luján,amarillo,2,Impacto glucémico medio
,,346.0,67.6,9.5,0.9,Argenfood - Universidad Nacional de Luján,rojo,1,Alto impacto glucémico
,,369.0,,11.1,3.2,Argenfood - Universidad Nacional de Luján,rojo,1,Alto impacto glucémico
,,338.0,64.5,9.1,4.9,Argenfood - Universidad Nacional de Luján,rojo,1,Alto impacto glucémico
,,68.0,11.9,3.2,0.8,Argenfood - Universidad Nacional de Luján,amarillo,2,Impacto glucémico medio
,,275.0,,9.1,2.9,Argenfood - Universidad Nacional de Luján,rojo,1,Alto impacto glucémico
,,347.0,,12.4,2.0,Argenfood - Universidad Nacional de Luján,rojo,1,Alto impacto glucémico
,,382.0,67.1,5.9,10.1,Argenfood - Universidad Nacional de Luján,rojo,1,Alto impacto glucémico
,,395.0,,11.0,8.5,Argenfood - Universidad Nacional de Luján,rojo,1,Alto impacto glucémico
,,401.0,,10.2,8.9,Argenfood - Universidad Nacional de Luján,rojo,1,Alto impacto glucémico
,,300.0,,9.8,1.0,Argenfood - Universidad Nacional de Luján,rojo,1,Alto impacto glucémico
,,361.0,,12.8,0.7,Argenfood - Universidad Nacional de Luján,rojo,1,Alto impacto glucémico
,,442.0,,13.5,15.5,Argenfood - Universidad Nacional de Luján,rojo,1,Alto impacto glucémico
,,437.0,,12.2,13.1,Argenfood - Universidad Nacional de Luján,rojo,1,Alto impacto glucémico
,,410.0,64.2,12.2,11.6,Argenfood - Universidad Nacional de Luján,rojo,1,Alto impacto glucémico
,,411.0,56.5,10.6,15.8,Argenfood - Universidad Nacional de Luján,rojo,1,Alto impacto glucémico
,,417.0,,8.5,10.1,Argenfood - Universidad Nacional de Luján,rojo,1,Alto impacto glucémico
,,419.0,,8.2,13.1,Argenfood - Universidad Nacional de Luján,rojo,1,Alto impacto glucémico
,,442.0,,4.9,21.1,Argenfood - Universidad Nacional de Luján,rojo,1,Alto impacto glucémico
,,342.0,,12.5,0.2,Argenfood - Universidad Nacional de Luján,rojo,1,Alto impacto glucémico
,,340.0,68.7,10.3,2.7,Argenfood - Universidad Nacional de Luján,rojo,1,Alto impacto glucémico
,,348.0,70.8,10.2,2.6,Argenfood - Universidad Nacional de Luján,rojo,1,Alto impacto glucémico
,,308.0,58.8,11.4,3.0,Argenfood - Universidad Nacional de Luján,rojo,1,Alto impacto glucémico
,,171.0,14.0,16.3,5.5,Argenfood - Universidad Nacional de Luján,amarillo,2,Impacto glucémico medio
,,269.0,,9.3,0.2,Argenfood - Universidad Nacional de Luján,rojo,1,Alto impacto glucémico
,,268.0,57.0,8.4,0.7,Argenfood - Universidad Nacional de Luján,rojo,1,Alto impacto glucémico
,,264.0,,8.9,0.2,Argenfood - Universidad Nacional de Luján,rojo,1,Alto impacto glucémico
,,280.0,,8.7,0.3,Argenfood - Universidad Nacional de Luján,rojo,1,Alto impacto glucémico
,,307.0,,9.8,1.9,Argenfood - Universidad Nacional de Luján,rojo,1,Alto impacto glucémico
,,223.0,42.3,9.8,1.6,Argenfood - Universidad Nacional de Luján,rojo,1,Alto impacto glucémico
,,271.0,,8.4,0.5,Argenfood - Universidad Nacional de Luján,rojo,1,Alto impacto glucémico
,,269.0,,9.5,2.4,Argenfood - Universidad Nacional de Luján,rojo,1,Alto impacto glucémico
,,269.0,,9.6,0.6,Argenfood - Universidad Nacional de Luján,rojo,1,Alto impacto glucémico
,,349.0,,11.7,0.9,Argenfood - Universidad Nacional de Luján,rojo,1,Alto impacto glucémico
,,70.0,,2.4,,Argenfood - Universidad Nacional de Luján,rojo,1,Alto impacto glucémico
,,98.0,,4.1,1.5,Argenfood - Universidad Nacional de Luján,rojo,1,Alto impacto glucémico
,,21.0,,1.6,0.3,Argenfood - Universidad Nacional de Luján,rojo,1,Alto impacto glucémico
,,99.0,,4.4,0.2,Argenfood - Universidad Nacional de Luján,rojo,1,Alto impacto glucémico
,,63.0,,2.9,0.4,Argenfood - Universidad Nacional de Luján,rojo,1,Alto impacto glucémico
,,57.0,,6.6,0.4,Argenfood - Universidad Nacional de Luján,rojo,1,Alto impacto glucémico
,,102.0,,8.9,,Argenfood - Universidad Nacional de Luján,rojo,1,Alto impacto glucémico
,,77.0,,5.8,,Argenfood - Universidad Nacional de Luján,rojo,1,Alto impacto glucémico
,,105.0,18.3,6.0,0.8,Argenfood - Universidad Nacional de Luján,amarillo,2,Impacto glucémico medio
,,304.0,46.9,22.5,2.9,Argenfood - Universidad Nacional de Luján,rojo,1,Alto impacto glucémico
,,311.0,49.1,22.0,2.9,Argenfood - Universidad Nacional de Luján,rojo,1,Alto impacto glucémico
,,129.0,,8.2,0.7,Argenfood - Universidad Nacional de Luján,rojo,1,Alto impacto glucémico
,,668.0,,12.7,60.9,Argenfood - Universidad Nacional de Luján,rojo,1,Alto impacto glucémico
,,84.0,,1.1,,Argenfood - Universidad Nacional de Luján,rojo,1,Alto impacto glucémico
,,92.0,,1.2,,Argenfood - Universidad Nacional de Luján,rojo,1,Alto impacto glucémico
,,212.0,,1.7,7.2,Argenfood - Universidad Nacional de Luján,rojo,1,Alto impacto glucémico
,,28.0,,1.1,0.2,Argenfood - Universidad Nacional de Luján,rojo,1,Alto impacto glucémico
,,23.0,,1.7,0.3,Argenfood - Universidad Nacional de Luján,rojo,1,Alto impacto glucémico
,,37.0,,3.3,0.2,Argenfood - Universidad Nacional de Luján,rojo,1,Alto impacto glucémico
,,25.0,,1.4,0.2,Argenfood - Universidad Nacional de Luján,rojo,1,Alto impacto glucémico
,,731.0,,18.1,72.1,Argenfood - Universidad Nacional de Luján,rojo,1,Alto impacto glucémico
,,17.0,,0.8,,Argenfood - Universidad Nacional de Luján,rojo,1,Alto impacto glucémico
,,10.0,,0.6,,Argenfood - Universidad Nacional de Luján,rojo,1,Alto impacto glucémico
,,31.0,,2.4,0.2,Argenfood - Universidad Nacional de Luján,rojo,1,Alto impacto glucémico
,,22.0,,2.4,,Argenfood - Universidad Nacional de Luján,rojo,1,Alto impacto glucémico
,,24.0,,1.6,0.2,Argenfood - Universidad Nacional de Luján,rojo,1,Alto impacto glucémico
,,26.0,,2.2,0.2,Argenfood - Universidad Nacional de Luján,rojo,1,Alto impacto glucémico
,,24.0,,3.9,,Argenfood - Universidad Nacional de Luján,rojo,1,Alto impacto glucémico
,,13.0,,2.5,,Argenfood - Universidad Nacional de Luján,rojo,1,Alto impacto glucémico
,,125.0,,6.1,2.2,Argenfood - Universidad Nacional de Luján,rojo,1,Alto impacto glucémico
,,99.0,,6.7,0.8,Argenfood - Universidad Nacional de Luján,rojo,1,Alto impacto glucémico
,,24.0,,1.9,0.2,Argenfood - Universidad Nacional de Luján,rojo,1,Alto impacto glucémico
,,350.0,,20.8,0.8,Argenfood - Universidad Nacional de Luján,rojo,1,Alto impacto glucémico
,,576.0,,33.2,44.3,Argenfood - Universidad Nacional de Luján,rojo,1,Alto impacto glucémico
,,592.0,,34.8,45.5,Argenfood - Universidad Nacional de Luján,rojo,1,Alto impacto glucémico
,,51.0,,4.2,1.4,Argenfood - Universidad Nacional de Luján,rojo,1,Alto impacto glucémico
,,10.0,,1.0,,Argenfood - Universidad Nacional de Luján,rojo,1,Alto impacto glucémico
,,11.0,,0.8,,Argenfood - Universidad Nacional de Luján,rojo,1,Alto impacto glucémico
,,715.0,,13.9,67.4,Argenfood - Universidad Nacional de Luján,rojo,1,Alto impacto glucémico
,,88.0,,2.7,,Argenfood - Universidad Nacional de Luján,rojo,1,Alto impacto glucémico
,,88.0,,2.4,,Argenfood - Universidad Nacional de Luján,rojo,1,Alto impacto glucémico
,,162.0,,2.9,6.2,Argenfood - Universidad Nacional de Luján,rojo,1,Alto impacto glucémico
,,15.0,,0.7,0.1,Argenfood - Universidad Nacional de Luján,rojo,1,Alto impacto glucémico
,,60.0,,3.7,1.0,Argenfood - Universidad Nacional de Luján,rojo,1,Alto impacto glucémico
,,221.0,,14.6,1.2,Argenfood - Universidad Nacional de Luján,rojo,1,Alto impacto glucémico
,,648.0,,22.3,54.0,Argenfood - Universidad Nacional de Luján,rojo,1,Alto impacto glucémico
,,290.0,42.3,23.9,2.8,Argenfood - Universidad Nacional de Luján,rojo,1,Alto impacto glucémico
,,89.0,11.9,8.4,0.9,Argenfood - Universidad Nacional de Luján,amarillo,2,Impacto glucémico medio
,,45.0,,2.5,0.4,Argenfood - Universidad Nacional de Luján,rojo,1,Alto impacto glucémico
,,354.0,,13.8,5.1,Argenfood - Universidad Nacional de Luján,rojo,1,Alto impacto glucémico
,,341.0,,4.4,1.0,Argenfood - Universidad Nacional de Luján,rojo,1,Alto impacto glucémico
,,29.0,,1.3,0.1,Argenfood - Universidad Nacional de Luján,rojo,1,Alto impacto glucémico
,,,,2.2,,Argenfood - Universidad Nacional de Luján,rojo,1,Alto impacto glucémico
,,54.0,,2.4,,Argenfood - Universidad Nacional de Luján,rojo,1,Alto impacto glucémico
,,36.0,,1.0,,Argenfood - Universidad Nacional de Luján,rojo,1,Alto impacto glucémico
,,58.0,,4.4,0.5,Argenfood - Universidad Nacional de Luján,rojo,1,Alto impacto glucémico
,,17.0,,2.4,,Argenfood - Universidad Nacional de Luján,rojo,1,Alto impacto glucémico
,,16.0,,2.2,,Argenfood - Universidad Nacional de Luján,rojo,1,Alto impacto glucémico
,,85.0,,3.5,1.0,Argenfood - Universidad Nacional de Luján,rojo,1,Alto impacto glucémico
,,356.0,11.2,34.6,24.2,Argenfood - Universidad Nacional de Luján,amarillo,2,Impacto glucémico medio
,,336.0,,2.0,,Argenfood - Universidad Nacional de Luján,rojo,1,Alto impacto glucémico
,,55.0,,0.1,,Argenfood - Universidad Nacional de Luján,rojo,1,Alto impacto glucémico
,,20.0,,1.0,,Argenfood - Universidad Nacional de Luján,rojo,1,Alto impacto glucémico
,,21.0,,1.0,,Argenfood - Universidad Nacional de Luján,rojo,1,Alto impacto glucémico
,,11.0,,1.0,,Argenfood - Universidad Nacional de Luján,rojo,1,Alto impacto glucémico
,,23.0,,1.6,0.4,Argenfood - Universidad Nacional de Luján,rojo,1,Alto impacto glucémico
,,,,1.1,,Argenfood - Universidad Nacional de Luján,rojo,1,Alto impacto glucémico
,,,,,,Argenfood - Universidad Nacional de Luján,rojo,1,Alto impacto glucémico
,,22.0,,1.0,,Argenfood - Universidad Nacional de Luján,rojo,1,Alto impacto glucémico
,,13.0,,0.8,,Argenfood - Universidad Nacional de Luján,rojo,1,Alto impacto glucémico
,,16.0,,1.3,,Argenfood - Universidad Nacional de Luján,rojo,1,Alto impacto glucémico
,,144.0,,1.5,13.5,Argenfood - Universidad Nacional de Luján,rojo,1,Alto impacto glucémico
,,58.0,,0.4,0.2,Argenfood - Universidad Nacional de Luján,rojo,1,Alto impacto glucémico
,,87.0,,0.4,0.1,Argenfood - Universidad Nacional de Luján,rojo,1,Alto impacto glucémico
,,99.0,,1.2,0.2,Argenfood - Universidad Nacional de Luján,rojo,1,Alto impacto glucémico
,,68.0,,1.1,0.5,Argenfood - Universidad Nacional de Luján,rojo,1,Alto impacto glucémico
,,56.0,,0.7,0.2,Argenfood - Universidad Nacional de Luján,rojo,1,Alto impacto glucémico
,,255.0,,1.9,0.1,Argenfood - Universidad Nacional de Luján,rojo,1,Alto impacto glucémico
,,165.0,,1.0,0.1,Argenfood - Universidad Nacional de Luján,rojo,1,Alto impacto glucémico
,,382.0,,3.4,34.7,Argenfood - Universidad Nacional de Luján,rojo,1,Alto impacto glucémico
,,57.0,,1.0,0.1,Argenfood - Universidad Nacional de Luján,rojo,1,Alto impacto glucémico
,,51.0,,0.5,0.1,Argenfood - Universidad Nacional de Luján,rojo,1,Alto impacto glucémico
,,75.0,,0.4,0.1,Argenfood - Universidad Nacional de Luján,rojo,1,Alto impacto glucémico
,,40.0,,2.5,,Argenfood - Universidad Nacional de Luján,rojo,1,Alto impacto glucémico
,,41.0,,0.8,0.6,Argenfood - Universidad Nacional de Luján,rojo,1,Alto impacto glucémico
,,75.0,,0.6,0.2,Argenfood - Universidad Nacional de Luján,rojo,1,Alto impacto glucémico
,,88.0,,1.4,0.4,Argenfood - Universidad Nacional de Luján,rojo,1,Alto impacto glucémico
,,87.0,,0.8,0.4,Argenfood - Universidad Nacional de Luján,rojo,1,Alto impacto glucémico
,,73.0,,0.9,0.1,Argenfood - Universidad Nacional de Luján,rojo,1,Alto impacto glucémico
,,44.0,,0.9,0.6,Argenfood - Universidad Nacional de Luján,rojo,1,Alto impacto glucémico
,,64.0,,0.3,0.4,Argenfood - Universidad Nacional de Luján,rojo,1,Alto impacto glucémico
,,26.0,,0.5,,Argenfood - Universidad Nacional de Luján,rojo,1,Alto impacto glucémico
,,28.0,,0.6,0.2,Argenfood - Universidad Nacional de Luján,rojo,1,Alto impacto glucémico
,,58.0,,0.3,0.1,Argenfood - Universidad Nacional de Luján,rojo,1,Alto impacto glucémico
,,69.0,,1.2,0.6,Argenfood - Universidad Nacional de Luján,rojo,1,Alto impacto glucémico
,,258.0,,1.7,26.4,Argenfood - Universidad Nacional de Luján,rojo,1,Alto impacto glucémico
,,70.0,,0.7,0.4,Argenfood - Universidad Nacional de Luján,rojo,1,Alto impacto glucémico
,,299.0,,2.3,0.4,Argenfood - Universidad Nacional de Luján,rojo,1,Alto impacto glucémico
,,26.0,,0.5,,Argenfood - Universidad Nacional de Luján,rojo,1,Alto impacto glucémico
,,31.0,,0.5,0.2,Argenfood - Universidad Nacional de Luján,rojo,1,Alto impacto glucémico
,,900.0,,,100.0,Argenfood - Universidad Nacional de Luján,rojo,1,Alto impacto glucémico
,,900.0,,,100.0,Argenfood - Universidad Nacional de Luján,rojo,1,Alto impacto glucémico
,,900.0,,,100.0,Argenfood - Universidad Nacional de Luján,rojo,1,Alto impacto glucémico
,,900.0,,,100.0,Argenfood - Universidad Nacional de Luján,rojo,1,Alto impacto glucémico
,,900.0,,,100.0,Argenfood - Universidad Nacional de Luján,rojo,1,Alto impacto glucémico
,,900.0,,,100.0,Argenfood - Universidad Nacional de Luján,rojo,1,Alto impacto glucémico
,,900.0,,,100.0,Argenfood - Universidad Nacional de Luján,rojo,1,Alto impacto glucémico
,,900.0,,,100.0,Argenfood - Universidad Nacional de Luján,rojo,1,Alto impacto glucémico
,,900.0,,,100.0,Argenfood - Universidad Nacional de Luján,rojo,1,Alto impacto glucémico
,,900.0,,,100.0,Argenfood - Universidad Nacional de Luján,rojo,1,Alto impacto glucémico
,,900.0,,,100.0,Argenfood - Universidad Nacional de Luján,rojo,1,Alto impacto glucémico
,,898.0,,,99.8,Argenfood - Universidad Nacional de Luján,rojo,1,Alto impacto glucémico
,,899.0,,,99.9,Argenfood - Universidad Nacional de Luján,rojo,1,Alto impacto glucémico
,,747.0,,,83.0,Argenfood - Universidad Nacional de Luján,rojo,1,Alto impacto glucémico
,,747.0,,,83.0,Argenfood - Universidad Nacional de Luján,rojo,1,Alto impacto glucémico
,,504.0,,,56.0,Argenfood - Universidad Nacional de Luján,rojo,1,Alto impacto glucémico
,,72.0,,15.8,0.9,Argenfood - Universidad Nacional de Luján,rojo,1,Alto impacto glucémico
,,92.0,,21.5,0.4,Argenfood - Universidad Nacional de Luján,rojo,1,Alto impacto glucémico
,,129.0,,19.2,5.4,Argenfood - Universidad Nacional de Luján,rojo,1,Alto impacto glucémico
,,100.0,,20.4,2.0,Argenfood - Universidad Nacional de Luján,rojo,1,Alto impacto glucémico
,,,,,3.9,Argenfood - Universidad Nacional de Luján,rojo,1,Alto impacto glucémico
,,219.0,,22.0,14.5,Argenfood - Universidad Nacional de Luján,rojo,1,Alto impacto glucémico
,,83.0,,17.6,1.2,Argenfood - Universidad Nacional de Luján,rojo,1,Alto impacto glucémico
,,232.0,,22.0,15.8,Argenfood - Universidad Nacional de Luján,rojo,1,Alto impacto glucémico
,,170.0,,17.0,11.1,Argenfood - Universidad Nacional de Luján,rojo,1,Alto impacto glucémico
,,95.0,,18.4,2.3,Argenfood - Universidad Nacional de Luján,rojo,1,Alto impacto glucémico
,,107.0,,17.2,4.0,Argenfood - Universidad Nacional de Luján,rojo,1,Alto impacto glucémico
,,86.0,,16.0,2.2,Argenfood - Universidad Nacional de Luján,rojo,1,Alto impacto glucémico
,,97.0,,19.5,1.9,Argenfood - Universidad Nacional de Luján,rojo,1,Alto impacto glucémico
,,84.0,,18.8,0.8,Argenfood - Universidad Nacional de Luján,rojo,1,Alto impacto glucémico
,,,,,2.6,Argenfood - Universidad Nacional de Luján,rojo,1,Alto impacto glucémico
,,80.0,,18.8,0.5,Argenfood - Universidad Nacional de Luján,rojo,1,Alto impacto glucémico
,,72.0,,17.4,0.2,Argenfood - Universidad Nacional de Luján,rojo,1,Alto impacto glucémico
,,149.0,,19.0,8.0,Argenfood - Universidad Nacional de Luján,rojo,1,Alto impacto glucémico
,,78.0,,17.5,0.8,Argenfood - Universidad Nacional de Luján,rojo,1,Alto impacto glucémico
,,146.0,,17.9,7.8,Argenfood - Universidad Nacional de Luján,rojo,1,Alto impacto glucémico
,,81.0,,17.1,1.3,Argenfood - Universidad Nacional de Luján,rojo,1,Alto impacto glucémico
,,83.0,,17.9,1.0,Argenfood - Universidad Nacional de Luján,rojo,1,Alto impacto glucémico
,,215.0,,20.1,14.8,Argenfood - Universidad Nacional de Luján,rojo,1,Alto impacto glucémico
,,113.0,,19.1,3.9,Argenfood - Universidad Nacional de Luján,rojo,1,Alto impacto glucémico
,,,,,3.4,Argenfood - Universidad Nacional de Luján,rojo,1,Alto impacto glucémico
,,90.0,,18.2,1.8,Argenfood - Universidad Nacional de Luján,rojo,1,Alto impacto glucémico
,,77.0,,18.3,0.4,Argenfood - Universidad Nacional de Luján,rojo,1,Alto impacto glucémico
,,86.0,,18.6,1.2,Argenfood - Universidad Nacional de Luján,rojo,1,Alto impacto glucémico
,,97.0,,17.8,2.8,Argenfood - Universidad Nacional de Luján,rojo,1,Alto impacto glucémico
,,84.0,,20.2,0.4,Argenfood - Universidad Nacional de Luján,rojo,1,Alto impacto glucémico
,,96.0,,20.1,1.7,Argenfood - Universidad Nacional de Luján,rojo,1,Alto impacto glucémico
,,109.0,,17.1,4.5,Argenfood - Universidad Nacional de Luján,rojo,1,Alto impacto glucémico
,,136.0,,14.0,8.9,Argenfood - Universidad Nacional de Luján,rojo,1,Alto impacto glucémico
,,,,,1.7,Argenfood - Universidad Nacional de Luján,rojo,1,Alto impacto glucémico
,,,,,0.9,Argenfood - Universidad Nacional de Luján,rojo,1,Alto impacto glucémico
,,110.0,,18.2,4.0,Argenfood - Universidad Nacional de Luján,rojo,1,Alto impacto glucémico
,,79.0,,18.1,0.6,Argenfood - Universidad Nacional de Luján,rojo,1,Alto impacto glucémico
,,98.0,,18.9,2.4,Argenfood - Universidad Nacional de Luján,rojo,1,Alto impacto glucémico
,,80.0,,18.5,0.7,Argenfood - Universidad Nacional de Luján,rojo,1,Alto impacto glucémico
,,79.0,,18.4,0.6,Argenfood - Universidad Nacional de Luján,rojo,1,Alto impacto glucémico
,,91.0,,21.0,0.8,Argenfood - Universidad Nacional de Luján,rojo,1,Alto impacto glucémico
,,66.0,,13.9,1.1,Argenfood - Universidad Nacional de Luján,rojo,1,Alto impacto glucémico
,,83.0,,18.8,0.8,Argenfood - Universidad Nacional de Luján,rojo,1,Alto impacto glucémico
,,97.0,,22.0,0.9,Argenfood - Universidad Nacional de Luján,rojo,1,Alto impacto glucémico
,,64.0,,11.9,1.1,Argenfood - Universidad Nacional de Luján,rojo,1,Alto impacto glucémico
,,95.0,,17.6,1.6,Argenfood - Universidad Nacional de Luján,rojo,1,Alto impacto glucémico
,,84.0,,21.1,,Argenfood - Universidad Nacional de Luján,rojo,1,Alto impacto glucémico
,,202.0,,20.2,11.6,Argenfood - Universidad Nacional de Luján,rojo,1,Alto impacto glucémico
,,212.0,,26.5,11.8,Argenfood - Universidad Nacional de Luján,rojo,1,Alto impacto glucémico
,,250.0,,19.9,18.9,Argenfood - Universidad Nacional de Luján,rojo,1,Alto impacto glucémico
,,320.0,,25.2,24.3,Argenfood - Universidad Nacional de Luján,rojo,1,Alto impacto glucémico
,,473.0,,18.0,44.6,Argenfood - Universidad Nacional de Luján,rojo,1,Alto impacto glucémico
,,211.0,,20.3,14.4,Argenfood - Universidad Nacional de Luján,rojo,1,Alto impacto glucémico
,,670.0,,8.3,70.8,Argenfood - Universidad Nacional de Luján,rojo,1,Alto impacto glucémico
,,454.0,,13.0,44.2,Argenfood - Universidad Nacional de Luján,rojo,1,Alto impacto glucémico
,,99.0,,18.7,2.7,Argenfood - Universidad Nacional de Luján,rojo,1,Alto impacto glucémico
,,182.0,,28.0,7.8,Argenfood - Universidad Nacional de Luján,rojo,1,Alto impacto glucémico
,,88.0,,16.3,2.5,Argenfood - Universidad Nacional de Luján,rojo,1,Alto impacto glucémico
,,198.0,,23.1,11.7,Argenfood - Universidad Nacional de Luján,rojo,1,Alto impacto glucémico
,,162.0,,28.4,5.4,Argenfood - Universidad Nacional de Luján,rojo,1,Alto impacto glucémico
,,168.0,,29.8,5.4,Argenfood - Universidad Nacional de Luján,rojo,1,Alto impacto glucémico
,,64.0,,15.5,0.2,Argenfood - Universidad Nacional de Luján,rojo,1,Alto impacto glucémico
,,170.0,,18.4,10.7,Argenfood - Universidad Nacional de Luján,rojo,1,Alto impacto glucémico
,,189.0,,24.6,10.1,Argenfood - Universidad Nacional de Luján,rojo,1,Alto impacto glucémico
,,785.0,,0.5,87.0,Argenfood - Universidad Nacional de Luján,rojo,1,Alto impacto glucémico
,,111.0,,21.0,3.0,Argenfood - Universidad Nacional de Luján,rojo,1,Alto impacto glucémico
,,224.0,,23.7,14.4,Argenfood - Universidad Nacional de Luján,rojo,1,Alto impacto glucémico
,,132.0,,19.7,3.2,Argenfood - Universidad Nacional de Luján,rojo,1,Alto impacto glucémico
,,33.0,,6.8,0.6,Argenfood - Universidad Nacional de Luján,rojo,1,Alto impacto glucémico
,,116.0,,20.0,4.0,Argenfood - Universidad Nacional de Luján,rojo,1,Alto impacto glucémico
,,97.0,,21.2,1.4,Argenfood - Universidad Nacional de Luján,rojo,1,Alto impacto glucémico
,,335.0,,14.0,31.0,Argenfood - Universidad Nacional de Luján,rojo,1,Alto impacto glucémico
,,137.0,,15.0,8.1,Argenfood - Universidad Nacional de Luján,rojo,1,Alto impacto glucémico
,,139.0,,27.2,3.4,Argenfood - Universidad Nacional de Luján,rojo,1,Alto impacto glucémico
,,95.0,,20.0,1.7,Argenfood - Universidad Nacional de Luján,rojo,1,Alto impacto glucémico
,,171.0,,23.8,8.4,Argenfood - Universidad Nacional de Luján,rojo,1,Alto impacto glucémico
,,258.0,,25.6,17.3,Argenfood - Universidad Nacional de Luján,rojo,1,Alto impacto glucémico
,,241.0,,28.1,14.3,Argenfood - Universidad Nacional de Luján,rojo,1,Alto impacto glucémico
,,233.0,,36.0,9.9,Argenfood - Universidad Nacional de Luján,rojo,1,Alto impacto glucémico
,,120.0,,20.7,2.2,Argenfood - Universidad Nacional de Luján,rojo,1,Alto impacto glucémico
,,197.0,,38.6,4.4,Argenfood - Universidad Nacional de Luján,rojo,1,Alto impacto glucémico
,,98.0,,19.5,,Argenfood - Universidad Nacional de Luján,rojo,1,Alto impacto glucémico
,,207.0,,37.0,6.4,Argenfood - Universidad Nacional de Luján,rojo,1,Alto impacto glucémico
,,107.0,,19.0,3.4,Argenfood - Universidad Nacional de Luján,rojo,1,Alto impacto glucémico
,,231.0,,41.1,6.8,Argenfood - Universidad Nacional de Luján,rojo,1,Alto impacto glucémico
,,105.0,,18.4,2.2,Argenfood - Universidad Nacional de Luján,rojo,1,Alto impacto glucémico
,,236.0,,36.5,9.8,Argenfood - Universidad Nacional de Luján,rojo,1,Alto impacto glucémico
,,120.0,,21.1,2.5,Argenfood - Universidad Nacional de Luján,rojo,1,Alto impacto glucémico
,,177.0,,35.1,3.8,Argenfood - Universidad Nacional de Luján,rojo,1,Alto impacto glucémico
,,103.0,,21.0,1.1,Argenfood - Universidad Nacional de Luján,rojo,1,Alto impacto glucémico
,,192.0,,35.5,5.2,Argenfood - Universidad Nacional de Luján,rojo,1,Alto impacto glucémico
,,106.0,,18.4,2.7,Argenfood - Universidad Nacional de Luján,rojo,1,Alto impacto glucémico
,,203.0,,38.4,5.0,Argenfood - Universidad Nacional de Luján,rojo,1,Alto impacto glucémico
,,107.0,,18.4,2.5,Argenfood - Universidad Nacional de Luján,rojo,1,Alto impacto glucémico
,,,,,2.5,Argenfood - Universidad Nacional de Luján,rojo,1,Alto impacto glucémico
,,,,,2.0,Argenfood - Universidad Nacional de Luján,rojo,1,Alto impacto glucémico
,,,,,3.2,Argenfood - Universidad Nacional de Luján,rojo,1,Alto impacto glucémico
,,,,,2.1,Argenfood - Universidad Nacional de Luján,rojo,1,Alto impacto glucémico
,,,,,2.0,Argenfood - Universidad Nacional de Luján,rojo,1,Alto impacto glucémico
,,,,,4.5,Argenfood - Universidad Nacional de Luján,rojo,1,Alto impacto glucémico
,,,,,2.2,Argenfood - Universidad Nacional de Luján,rojo,1,Alto impacto glucémico
,,,,,2.3,Argenfood - Universidad Nacional de Luján,rojo,1,Alto impacto glucémico
,,,,,2.3,Argenfood - Universidad Nacional de Luján,rojo,1,Alto impacto glucémico
,,,,,2.1,Argenfood - Universidad Nacional de Luján,rojo,1,Alto impacto glucémico
,,,,,2.2,Argenfood - Universidad Nacional de Luján,rojo,1,Alto impacto glucémico
,,,,,2.3,Argenfood - Universidad Nacional de Luján,rojo,1,Alto impacto glucémico
,,,,,1.8,Argenfood - Universidad Nacional de Luján,rojo,1,Alto impacto glucémico
,,,,,3.9,Argenfood - Universidad Nacional de Luján,rojo,1,Alto impacto glucémico
,,,,,1.2,Argenfood - Universidad Nacional de Luján,rojo,1,Alto impacto glucémico
,,,,,45.7,Argenfood - Universidad Nacional de Luján,rojo,1,Alto impacto glucémico
,,,,,2.4,Argenfood - Universidad Nacional de Luján,rojo,1,Alto impacto glucémico
,,,,,2.6,Argenfood - Universidad Nacional de Luján,rojo,1,Alto impacto glucémico
,,,,,1.9,Argenfood - Universidad Nacional de Luján,rojo,1,Alto impacto glucémico
,,,,,2.2,Argenfood - Universidad Nacional de Luján,rojo,1,Alto impacto glucémico
,,,,,3.0,Argenfood - Universidad Nacional de Luján,rojo,1,Alto impacto glucémico
,,,,,1.1,Argenfood - Universidad Nacional de Luján,rojo,1,Alto impacto glucémico
,,,,,3.8,Argenfood - Universidad Nacional de Luján,rojo,1,Alto impacto glucémico
,,,,,3.6,Argenfood - Universidad Nacional de Luján,rojo,1,Alto impacto glucémico
,,,,,1.0,Argenfood - Universidad Nacional de Luján,rojo,1,Alto impacto glucémico
,,,,,4.6,Argenfood - Universidad Nacional de Luján,rojo,1,Alto impacto glucémico
,,,,,1.6,Argenfood - Universidad Nacional de Luján,rojo,1,Alto impacto glucémico
,,,,,3.2,Argenfood - Universidad Nacional de Luján,rojo,1,Alto impacto glucémico
,,,,,3.1,Argenfood - Universidad Nacional de Luján,rojo,1,Alto impacto glucémico
,,,,,2.7,Argenfood - Universidad Nacional de Luján,rojo,1,Alto impacto glucémico
,,,,,2.9,Argenfood - Universidad Nacional de Luján,rojo,1,Alto impacto glucémico
,,,,,4.2,Argenfood - Universidad Nacional de Luján,rojo,1,Alto impacto glucémico
,,,,,1.2,Argenfood - Universidad Nacional de Luján,rojo,1,Alto impacto glucémico
,,,,,5.2,Argenfood - Universidad Nacional de Luján,rojo,1,Alto impacto glucémico
,,,,,3.9,Argenfood - Universidad Nacional de Luján,rojo,1,Alto impacto glucémico
,,,,,1.1,Argenfood - Universidad Nacional de Luján,rojo,1,Alto impacto glucémico
,,,,,5.4,Argenfood - Universidad Nacional de Luján,rojo,1,Alto impacto glucémico
,,,,,1.8,Argenfood - Universidad Nacional de Luján,rojo,1,Alto impacto glucémico
,,45.0,,1.9,1.4,Argenfood - Universidad Nacional de Luján,rojo,1,Alto impacto glucémico
,,78.0,,3.3,5.9,Argenfood - Universidad Nacional de Luján,rojo,1,Alto impacto glucémico
,,99.0,,5.5,6.5,Argenfood - Universidad Nacional de Luján,rojo,1,Alto impacto glucémico
,,71.0,,1.1,4.2,Argenfood - Universidad Nacional de Luján,rojo,1,Alto impacto glucémico
,,520.0,,9.6,31.5,Argenfood - Universidad Nacional de Luján,rojo,1,Alto impacto glucémico
,,57.0,,3.1,2.9,Argenfood - Universidad Nacional de Luján,rojo,1,Alto impacto glucémico
,,57.0,,3.1,2.9,Argenfood - Universidad Nacional de Luján,rojo,1,Alto impacto glucémico
,,44.0,,3.2,1.4,Argenfood - Universidad Nacional de Luján,rojo,1,Alto impacto glucémico
,,489.0,,25.8,24.8,Argenfood - Universidad Nacional de Luján,rojo,1,Alto impacto glucémico
,,370.0,,35.5,1.0,Argenfood - Universidad Nacional de Luján,rojo,1,Alto impacto glucémico
,,328.0,,8.0,8.1,Argenfood - Universidad Nacional de Luján,rojo,1,Alto impacto glucémico
,,758.0,,0.5,84.0,Argenfood - Universidad Nacional de Luján,rojo,1,Alto impacto glucémico
,,246.0,,6.6,22.6,Argenfood - Universidad Nacional de Luján,rojo,1,Alto impacto glucémico
,,104.0,,11.5,4.0,Argenfood - Universidad Nacional de Luján,rojo,1,Alto impacto glucémico
,,82.0,,13.7,0.3,Argenfood - Universidad Nacional de Luján,rojo,1,Alto impacto glucémico
,,182.0,,14.1,14.0,Argenfood - Universidad Nacional de Luján,rojo,1,Alto impacto glucémico
,,309.0,,20.3,25.3,Argenfood - Universidad Nacional de Luján,rojo,1,Alto impacto glucémico
,,287.0,,20.1,23.0,Argenfood - Universidad Nacional de Luján,rojo,1,Alto impacto glucémico
,,282.0,,23.6,19.3,Argenfood - Universidad Nacional de Luján,rojo,1,Alto impacto glucémico
,,302.0,,19.7,22.9,Argenfood - Universidad Nacional de Luján,rojo,1,Alto impacto glucémico
,,291.0,,20.8,21.4,Argenfood - Universidad Nacional de Luján,rojo,1,Alto impacto glucémico
,,260.0,,18.0,20.9,Argenfood - Universidad Nacional de Luján,rojo,1,Alto impacto glucémico
,,324.0,,21.8,26.3,Argenfood - Universidad Nacional de Luján,rojo,1,Alto impacto glucémico
,,301.0,,20.4,22.7,Argenfood - Universidad Nacional de Luján,rojo,1,Alto impacto glucémico
,,357.0,,29.5,26.5,Argenfood - Universidad Nacional de Luján,rojo,1,Alto impacto glucémico
,,328.0,,25.9,24.9,Argenfood - Universidad Nacional de Luján,rojo,1,Alto impacto glucémico
,,340.0,,24.3,33.6,Argenfood - Universidad Nacional de Luján,rojo,1,Alto impacto glucémico
,,480.0,,21.6,43.7,Argenfood - Universidad Nacional de Luján,rojo,1,Alto impacto glucémico
,,379.0,,28.6,29.4,Argenfood - Universidad Nacional de Luján,rojo,1,Alto impacto glucémico
,,345.0,,25.1,27.2,Argenfood - Universidad Nacional de Luján,rojo,1,Alto impacto glucémico
,,410.0,,24.8,34.5,Argenfood - Universidad Nacional de Luján,rojo,1,Alto impacto glucémico
,,426.0,,19.2,38.8,Argenfood - Universidad Nacional de Luján,rojo,1,Alto impacto glucémico
,,404.0,,28.6,31.3,Argenfood - Universidad Nacional de Luján,rojo,1,Alto impacto glucémico
,,358.0,,21.8,30.1,Argenfood - Universidad Nacional de Luján,rojo,1,Alto impacto glucémico
,,345.0,,25.5,27.0,Argenfood - Universidad Nacional de Luján,rojo,1,Alto impacto glucémico
,,332.0,,25.4,25.6,Argenfood - Universidad Nacional de Luján,rojo,1,Alto impacto glucémico
,,402.0,,29.7,31.5,Argenfood - Universidad Nacional de Luján,rojo,1,Alto impacto glucémico
,,350.0,,32.7,24.4,Argenfood - Universidad Nacional de Luján,rojo,1,Alto impacto glucémico
,,391.0,,32.1,29.2,Argenfood - Universidad Nacional de Luján,rojo,1,Alto impacto glucémico
,,365.0,,33.4,24.2,Argenfood - Universidad Nacional de Luján,rojo,1,Alto impacto glucémico
,,402.0,,30.0,29.1,Argenfood - Universidad Nacional de Luján,rojo,1,Alto impacto glucémico
,,357.0,,29.4,26.6,Argenfood - Universidad Nacional de Luján,rojo,1,Alto impacto glucémico
,,168.0,,11.6,11.8,Argenfood - Universidad Nacional de Luján,rojo,1,Alto impacto glucémico
,,66.0,,4.6,3.0,Argenfood - Universidad Nacional de Luján,rojo,1,Alto impacto glucémico
,,88.0,,4.4,2.4,Argenfood - Universidad Nacional de Luján,rojo,1,Alto impacto glucémico
,,59.0,,4.3,0.2,Argenfood - Universidad Nacional de Luján,rojo,1,Alto impacto glucémico
,,82.0,,2.8,2.2,Argenfood - Universidad Nacional de Luján,rojo,1,Alto impacto glucémico
,,30.0,,3.3,0.1,Argenfood - Universidad Nacional de Luján,rojo,1,Alto impacto glucémico
,,156.0,,12.0,11.8,Argenfood - Universidad Nacional de Luján,rojo,1,Alto impacto glucémico
,,48.0,,11.6,0.2,Argenfood - Universidad Nacional de Luján,rojo,1,Alto impacto glucémico
,,325.0,,16.6,28.7,Argenfood - Universidad Nacional de Luján,rojo,1,Alto impacto glucémico
,,54.0,,12.8,0.3,Argenfood - Universidad Nacional de Luján,rojo,1,Alto impacto glucémico
,,196.0,,16.3,14.5,Argenfood - Universidad Nacional de Luján,rojo,1,Alto impacto glucémico
,,152.0,,13.4,10.9,Argenfood - Universidad Nacional de Luján,rojo,1,Alto impacto glucémico
,,174.0,,13.6,13.3,Argenfood - Universidad Nacional de Luján,rojo,1,Alto impacto glucémico
,,263.0,,0.9,0.1,Argenfood - Universidad Nacional de Luján,rojo,1,Alto impacto glucémico
,,306.0,,3.7,0.2,Argenfood - Universidad Nacional de Luján,rojo,1,Alto impacto glucémico
,,549.0,,5.4,31.5,Argenfood - Universidad Nacional de Luján,rojo,1,Alto impacto glucémico
,,304.0,,3.5,0.1,Argenfood - Universidad Nacional de Luján,rojo,1,Alto impacto glucémico
,,309.0,,3.8,0.6,Argenfood - Universidad Nacional de Luján,rojo,1,Alto impacto glucémico
,,341.0,,8.1,9.0,Argenfood - Universidad Nacional de Luján,rojo,1,Alto impacto glucémico
,,320.0,,,32.0,Argenfood - Universidad Nacional de Luján,rojo,1,Alto impacto glucémico
,,723.0,,,79.0,Argenfood - Universidad Nacional de Luján,rojo,1,Alto impacto glucémico
,,245.0,,17.5,19.0,Argenfood - Universidad Nacional de Luján,rojo,1,Alto impacto glucémico
,,141.0,,17.3,8.0,Argenfood - Universidad Nacional de Luján,rojo,1,Alto impacto glucémico
,,180.0,,18.7,11.7,Argenfood - Universidad Nacional de Luján,rojo,1,Alto impacto glucémico
,,233.0,,19.9,17.0,Argenfood - Universidad Nacional de Luján,rojo,1,Alto impacto glucémico
,,183.0,,21.3,10.9,Argenfood - Universidad Nacional de Luján,rojo,1,Alto impacto glucémico
,,232.0,,22.8,15.6,Argenfood - Universidad Nacional de Luján,rojo,1,Alto impacto glucémico
,,75.0,,15.4,1.5,Argenfood - Universidad Nacional de Luján,rojo,1,Alto impacto glucémico
,,103.0,,14.6,4.9,Argenfood - Universidad Nacional de Luján,rojo,1,Alto impacto glucémico
,,102.0,,20.8,2.1,Argenfood - Universidad Nacional de Luján,rojo,1,Alto impacto glucémico
,,128.0,,23.7,3.7,Argenfood - Universidad Nacional de Luján,rojo,1,Alto impacto glucémico
,,130.0,,21.4,4.9,Argenfood - Universidad Nacional de Luján,rojo,1,Alto impacto glucémico
,,180.0,,18.5,11.8,Argenfood - Universidad Nacional de Luján,rojo,1,Alto impacto glucémico
,,158.0,,22.7,7.5,Argenfood - Universidad Nacional de Luján,rojo,1,Alto impacto glucémico
,,150.0,,25.1,5.5,Argenfood - Universidad Nacional de Luján,rojo,1,Alto impacto glucémico
,,150.0,,23.7,6.1,Argenfood - Universidad Nacional de Luján,rojo,1,Alto impacto glucémico
,,168.0,,24.3,7.9,Argenfood - Universidad Nacional de Luján,rojo,1,Alto impacto glucémico
,,112.0,,17.5,4.7,Argenfood - Universidad Nacional de Luján,rojo,1,Alto impacto glucémico
,,148.0,,16.7,9.1,Argenfood - Universidad Nacional de Luján,rojo,1,Alto impacto glucémico
,,187.0,,16.7,13.3,Argenfood - Universidad Nacional de Luján,rojo,1,Alto impacto glucémico
,,189.0,,22.0,11.3,Argenfood - Universidad Nacional de Luján,rojo,1,Alto impacto glucémico
,,133.0,,19.6,6.1,Argenfood - Universidad Nacional de Luján,rojo,1,Alto impacto glucémico
,,183.0,,20.6,11.2,Argenfood - Universidad Nacional de Luján,rojo,1,Alto impacto glucémico
,,169.0,,22.6,8.8,Argenfood - Universidad Nacional de Luján,rojo,1,Alto impacto glucémico
,,215.0,,23.0,13.6,Argenfood - Universidad Nacional de Luján,rojo,1,Alto impacto glucémico
,,145.0,,18.0,8.1,Argenfood - Universidad Nacional de Luján,rojo,1,Alto impacto glucémico
,,151.0,,17.5,9.0,Argenfood - Universidad Nacional de Luján,rojo,1,Alto impacto glucémico
,,130.0,,20.5,5.3,Argenfood - Universidad Nacional de Luján,rojo,1,Alto impacto glucémico
,,153.0,,25.1,5.8,Argenfood - Universidad Nacional de Luján,rojo,1,Alto impacto glucémico
,,130.0,,23.4,4.0,Argenfood - Universidad Nacional de Luján,rojo,1,Alto impacto glucémico
,,166.0,,24.9,7.4,Argenfood - Universidad Nacional de Luján,rojo,1,Alto impacto glucémico
,,187.0,,17.6,13.0,Argenfood - Universidad Nacional de Luján,rojo,1,Alto impacto glucémico
,,186.0,,23.4,10.3,Argenfood - Universidad Nacional de Luján,rojo,1,Alto impacto glucémico
,,255.0,,23.5,17.9,Argenfood - Universidad Nacional de Luján,rojo,1,Alto impacto glucémico
,,269.0,,26.7,18.0,Argenfood - Universidad Nacional de Luján,rojo,1,Alto impacto glucémico
,,161.0,,15.9,10.8,Argenfood - Universidad Nacional de Luján,rojo,1,Alto impacto glucémico
,,159.0,,15.2,10.9,Argenfood - Universidad Nacional de Luján,rojo,1,Alto impacto glucémico
,,27.0,,0.5,0.2,Argenfood - Universidad Nacional de Luján,rojo,1,Alto impacto glucémico
,,20.0,,0.4,,Argenfood - Universidad Nacional de Luján,rojo,1,Alto impacto glucémico
,,48.0,,4.6,0.1,Argenfood - Universidad Nacional de Luján,rojo,1,Alto impacto glucémico
,,335.0,,9.0,0.9,Argenfood - Universidad Nacional de Luján,rojo,1,Alto impacto glucémico
,,388.0,,15.4,8.4,Argenfood - Universidad Nacional de Luján,rojo,1,Alto impacto glucémico
,,384.0,,15.3,7.6,Argenfood - Universidad Nacional de Luján,rojo,1,Alto impacto glucémico
,,384.0,,15.6,7.6,Argenfood - Universidad Nacional de Luján,rojo,1,Alto impacto glucémico
,,381.0,,14.4,7.4,Argenfood - Universidad Nacional de Luján,rojo,1,Alto impacto glucémico
,,340.0,,7.3,0.9,Argenfood - Universidad Nacional de Luján,rojo,1,Alto impacto glucémico
,,346.0,,10.6,0.8,Argenfood - Universidad Nacional de Luján,rojo,1,Alto impacto glucémico
,,344.0,,9.8,1.1,Argenfood - Universidad Nacional de Luján,rojo,1,Alto impacto glucémico
,,345.0,,10.9,0.5,Argenfood - Universidad Nacional de Luján,rojo,1,Alto impacto glucémico
,,305.0,,9.0,1.1,Argenfood - Universidad Nacional de Luján,rojo,1,Alto impacto glucémico
,,399.0,,37.8,10.0,Argenfood - Universidad Nacional de Luján,rojo,1,Alto impacto glucémico
,,411.0,,38.4,11.6,Argenfood - Universidad Nacional de Luján,rojo,1,Alto impacto glucémico
,,15.0,0.4,2.9,0.2,Argenfood - Universidad Nacional de Luján,verde,3,Bajo impacto glucémico
,,8.0,0.6,1.2,0.1,Argenfood - Universidad Nacional de Luján,verde,3,Bajo impacto glucémico
,,93.0,,1.6,0.4,Argenfood - Universidad Nacional de Luján,rojo,1,Alto impacto glucémico
,,147.0,,1.6,3.2,Argenfood - Universidad Nacional de Luján,rojo,1,Alto impacto glucémico
,,34.0,,1.7,0.2,Argenfood - Universidad Nacional de Luján,rojo,1,Alto impacto glucémico
,,46.0,,2.8,1.2,Argenfood - Universidad Nacional de Luján,rojo,1,Alto impacto glucémico
,,32.0,,2.4,0.5,Argenfood - Universidad Nacional de Luján,rojo,1,Alto impacto glucémico
,,50.0,,3.7,1.4,Argenfood - Universidad Nacional de Luján,rojo,1,Alto impacto glucémico
,,70.0,,1.7,0.7,Argenfood - Universidad Nacional de Luján,rojo,1,Alto impacto glucémico
,,190.0,,21.0,12.0,Argenfood - Universidad Nacional de Luján,rojo,1,Alto impacto glucémico
,,114.0,,22.0,3.2,Argenfood - Universidad Nacional de Luján,rojo,1,Alto impacto glucémico
,,120.0,,21.0,3.9,Argenfood - Universidad Nacional de Luján,rojo,1,Alto impacto glucémico
,,143.0,,21.0,6.7,Argenfood - Universidad Nacional de Luján,rojo,1,Alto impacto glucémico
,,116.0,,22.0,2.6,Argenfood - Universidad Nacional de Luján,rojo,1,Alto impacto glucémico
,,106.0,,22.0,1.7,Argenfood - Universidad Nacional de Luján,rojo,1,Alto impacto glucémico
,,125.0,,19.0,5.5,Argenfood - Universidad Nacional de Luján,rojo,1,Alto impacto glucémico
,,132.0,,20.0,6.1,Argenfood - Universidad Nacional de Luján,rojo,1,Alto impacto glucémico
,,116.0,,20.0,3.7,Argenfood - Universidad Nacional de Luján,rojo,1,Alto impacto glucémico
,,125.0,,23.0,1.9,Argenfood - Universidad Nacional de Luján,rojo,1,Alto impacto glucémico
,,139.0,,20.0,6.5,Argenfood - Universidad Nacional de Luján,rojo,1,Alto impacto glucémico
,,154.0,,22.0,7.6,Argenfood - Universidad Nacional de Luján,rojo,1,Alto impacto glucémico
,,174.0,,20.0,11.0,Argenfood - Universidad Nacional de Luján,rojo,1,Alto impacto glucémico
,,211.0,,20.0,15.0,Argenfood - Universidad Nacional de Luján,rojo,1,Alto impacto glucémico
,,98.0,0.8,18.0,2.5,Argenfood - Universidad Nacional de Luján,verde,3,Bajo impacto glucémico
,,95.0,0.6,19.0,2.0,Argenfood - Universidad Nacional de Luján,verde,3,Bajo impacto glucémico
,,139.0,6.4,16.0,5.7,Argenfood - Universidad Nacional de Luján,verde,3,Bajo impacto glucémico
,,79.0,2.4,16.0,0.4,Argenfood - Universidad Nacional de Luján,verde,3,Bajo impacto glucémico
,,134.0,1.5,22.0,4.6,Argenfood - Universidad Nacional de Luján,verde,3,Bajo impacto glucémico
,,288.0,,14.2,3.2,Argenfood - Universidad Nacional de Luján,rojo,1,Alto impacto glucémico
,,337.0,,19.8,0.8,Argenfood - Universidad Nacional de Luján,rojo,1,Alto impacto glucémico
,,333.0,,19.6,1.2,Argenfood - Universidad Nacional de Luján,rojo,1,Alto impacto glucémico
,,336.0,,20.0,0.9,Argenfood - Universidad Nacional de Luján,rojo,1,Alto impacto glucémico
,,336.0,,21.5,1.0,Argenfood - Universidad Nacional de Luján,rojo,1,Alto impacto glucémico
,,326.0,,21.0,0.5,Argenfood - Universidad Nacional de Luján,rojo,1,Alto impacto glucémico
,,306.0,,20.6,1.0,Argenfood - Universidad Nacional de Luján,rojo,1,Alto impacto glucémico
,,336.0,,26.0,1.1,Argenfood - Universidad Nacional de Luján,rojo,1,Alto impacto glucémico
,,328.0,,18.2,1.1,Argenfood - Universidad Nacional de Luján,rojo,1,Alto impacto glucémico
,,322.0,,16.6,0.6,Argenfood - Universidad Nacional de Luján,rojo,1,Alto impacto glucémico
,,336.0,,25.3,0.8,Argenfood - Universidad Nacional de Luján,rojo,1,Alto impacto glucémico
,,368.0,,36.9,6.8,Argenfood - Universidad Nacional de Luján,rojo,1,Alto impacto glucémico
,,33.0,,2.6,0.4,Argenfood - Universidad Nacional de Luján,rojo,1,Alto impacto glucémico
,,43.0,,3.1,0.8,Argenfood - Universidad Nacional de Luján,rojo,1,Alto impacto glucémico
,,60.0,,4.1,0.7,Argenfood - Universidad Nacional de Luján,rojo,1,Alto impacto glucémico
,,49.0,,1.6,1.0,Argenfood - Universidad Nacional de Luján,rojo,1,Alto impacto glucémico
,,59.0,,3.2,1.6,Argenfood - Universidad Nacional de Luján,rojo,1,Alto impacto glucémico
,,84.0,,4.7,1.7,Argenfood - Universidad Nacional de Luján,rojo,1,Alto impacto glucémico
,,49.0,,1.1,1.6,Argenfood - Universidad Nacional de Luján,rojo,1,Alto impacto glucémico
,,260.0,,6.2,1.6,Argenfood - Universidad Nacional de Luján,rojo,1,Alto impacto glucémico
,,337.0,,5.3,7.9,Argenfood - Universidad Nacional de Luján,rojo,1,Alto impacto glucémico
,,317.0,,7.3,7.5,Argenfood - Universidad Nacional de Luján,rojo,1,Alto impacto glucémico
,,314.0,,6.5,6.6,Argenfood - Universidad Nacional de Luján,rojo,1,Alto impacto glucémico
,,377.0,,20.0,31.1,Argenfood - Universidad Nacional de Luján,rojo,1,Alto impacto glucémico
,,168.0,,11.6,11.7,Argenfood - Universidad Nacional de Luján,rojo,1,Alto impacto glucémico
,,104.0,,11.5,4.0,Argenfood - Universidad Nacional de Luján,rojo,1,Alto impacto glucémico
,,218.0,,17.3,16.5,Argenfood - Universidad Nacional de Luján,rojo,1,Alto impacto glucémico
,,248.0,,20.5,18.4,Argenfood - Universidad Nacional de Luján,rojo,1,Alto impacto glucémico
,,175.0,,18.4,11.3,Argenfood - Universidad Nacional de Luján,rojo,1,Alto impacto glucémico
,,199.0,,21.0,12.8,Argenfood - Universidad Nacional de Luján,rojo,1,Alto impacto glucémico
,,46.0,,23.9,3.7,Argenfood - Universidad Nacional de Luján,rojo,1,Alto impacto glucémico
,,199.0,0.0,21.0,12.8,Argenfood - Universidad Nacional de Luján,verde,3,Bajo impacto glucémico
,,248.0,0.0,20.5,18.4,Argenfood - Universidad Nacional de Luján,verde,3,Bajo impacto glucémico
,,136.0,9.8,14.2,4.4,Argenfood - Universidad Nacional de Luján,verde,3,Bajo impacto glucémico
,,139.0,9.8,13.7,5.0,Argenfood - Universidad Nacional de Luján,verde,3,Bajo impacto glucémico
,,211.0,10.8,11.3,13.6,Argenfood - Universidad Nacional de Luján,amarillo,2,Impacto glucémico medio
,,209.0,10.5,11.8,13.4,Argenfood - Universidad Nacional de Luján,amarillo,2,Impacto glucémico medio
,,,11.9,2.2,1.1,Argenfood - Universidad Nacional de Luján,amarillo,2,Impacto glucémico medio
,,,11.3,2.4,1.0,Argenfood - Universidad Nacional de Luján,amarillo,2,Impacto glucémico medio
,,57.5,10.7,1.9,0.8,Argenfood - Universidad Nacional de Luján,amarillo,2,Impacto glucémico medio
,,97.2,17.8,3.3,1.4,Argenfood - Universidad Nacional de Luján,amarillo,2,Impacto glucémico medio
,,171.0,21.4,4.5,7.5,Argenfood - Universidad Nacional de Luján,amarillo,2,Impacto glucémico medio
,,157.4,20.9,4.2,6.3,Argenfood - Universidad Nacional de Luján,amarillo,2,Impacto glucémico medio
,,,,,,Argenfood - Universidad Nacional de Luján,rojo,1,Alto impacto glucémico
,,125.6,21.1,2.8,3.6,Argenfood - Universidad Nacional de Luján,amarillo,2,Impacto glucémico medio
,,280.4,32.1,4.2,15.0,Argenfood - Universidad Nacional de Luján,rojo,1,Alto impacto glucémico
,,228.6,28.3,3.8,11.8,Argenfood - Universidad Nacional de Luján,rojo,1,Alto impacto glucémico
,,309.0,33.0,4.2,17.8,Argenfood - Universidad Nacional de Luján,rojo,1,Alto impacto glucémico
